 [
   { "id":"106","name":"Krixi Phù thủy thời không" },
   { "id":"106","name":"Krixi Tatsumaki" },
   { "id":"111","name":"Violet Nobara Kugisaki" },
   { "id":"111","name":"Violet Vọng nguyệt Long Cơ" },
   { "id":"111","name":"Violet Huyết ma thần" },
   { "id":"116","name":"Butterfly Phượng Cửu Thiên" },
   { "id":"130","name":"Airi Bích Hải Thánh Nữ" },
   { "id":"130","name":"Airi Thứ Nguyên Vệ Thần" },
   { "id":"132","name":"Hayate Tu Di Thánh Đế" },
   { "id":"133","name":"Valhein Thứ Nguyên Vệ Thần" },
   { "id":"136","name":"Ilumia Khải Huyền Thiên Hậu" },
   { "id":"137","name":"Paine Megumi Fushiguro" },
   { "id":"141","name":"Lauriel Thứ Nguyên Vệ Thần" },
   { "id":"150","name":"Nakroth Quỷ Thương Liệp Đế" },
   { "id":"150","name":"Nakroth Bạch Diện Chiến Thương" },
   { "id":"157","name":"Raz Bão Vũ Cuồng Lôi" },
   { "id":"167","name":"Ngộ Không Tề Thiên Võ Thánh" },
   { "id":"167","name":"Ngộ Không Nhóc Tì Bá Đạo" },
   { "id":"524","name":"Capheny Càn Nguyên Điện Chủ" },
   { "id":"524","name":"Capheny Càn Nguyên Điện Chủ" },
   { "id":"598","name":"Bolt Baron Thiên Phủ - Tư Mệnh" },
   { "id":"599","name":"Billow Thiên Tướng - Độ Ách" }
 ]