[
    { "id": 130, "name": "[ Airi ] Bích Hải Thánh Nữ" },
    { "id": 599, "name": "[ Billow ] Thiên Tướng - Độ Ách" },
    { "id": 598, "name": "[ Bolt Baron ] Thiên Phủ - Tư Mệnh" },
    { "id": 524, "name": "[ Capheny ] Càn Nguyên Điện Chủ" },
    { "id": 132, "name": "[ Hayate ] Siêu Đạo Chích Kid" },
    { "id": 538, "name": "[ Iggy ] Rimuru Tempest" },
    { "id": 136, "name": "[ Ilumia ] Khải Huyền Thiên Hậu" },
    { "id": 106, "name": "[ Krixi ] Phù Thủy Thời Không" },
    { "id": 141, "name": "[ Lauriel ] Thứ Nguyên Vệ Thần" },
    { "id": 150, "name": "[ Nakroth ] Bạch Diện Chiến Thương" },
    { "id": 167, "name": "[ Ngộ Không ] Tề Thiên Võ Thánh" },
    { "id": 137, "name": "[ Paine ] Megumi Fushiguro" },
    { "id": 528, "name": "[ Qi ] Milim Nava" },
    { "id": 157, "name": "[ Raz ] Bão Vũ Cuồng Lôi" },
    { "id": 111, "name": "[ Violet ] Nobara Kugisaki" }
]